Column,Count Non-Null,Count Finite,Mean,Median,Std,Variance,Min,P5,Q1 (25%),Q3 (75%),P95,Max,IQR,Skewness,Kurtosis (excess),Outlier Count (IQR),Outlier %,Infinite Count,Highly Skewed,Heavy Tailed,Q1,Q3,Kurtosis
FOD_ID,51033,51033,367244725.143848,400103719.0,47068425.579337,2215436686517611.0,300000484.0,300105795.6,300252971.0,400351485.0,400567713.4,400647389.0,100098514.0,-0.722959,-1.477331,0,0.0,0,False,False,,,
LOCAL_FIRE_REPORT_ID,449,449,2301.485523,259.0,3095.326236,9581044.504812,1.0,3.4,21.0,5004.0,8614.2,16614.0,4983.0,1.18534,0.34938,0,0.0,0,False,False,,,
FIRE_YEAR,51033,51033,2016.56342,2017.0,1.806419,3.263148,2014.0,2014.0,2015.0,2018.0,2020.0,2020.0,3.0,0.162051,-1.058515,0,0.0,0,False,False,,,
DISCOVERY_DOY,51033,51033,168.100464,181.0,99.713491,9942.780254,1.0,18.0,75.0,244.0,331.0,366.0,169.0,0.0241,-1.113263,0,0.0,0,False,False,,,
DISCOVERY_TIME,5071,5071,1486.927628,1515.0,334.15983,111662.791803,0.0,900.0,1330.0,1654.0,2015.0,2354.0,324.0,-0.899811,2.927409,61,1.2029,0,False,False,,,
CONT_DOY,5149,5149,176.576617,199.0,99.448265,9889.957464,1.0,25.0,81.0,255.0,331.0,366.0,174.0,-0.103841,-1.194738,0,0.0,0,False,False,,,
CONT_TIME,4964,4964,1613.901289,1658.0,419.695798,176144.562892,0.0,850.3,1445.0,1856.0,2150.0,2359.0,411.0,-1.456724,3.272823,116,2.3368,0,False,False,,,
FIRE_SIZE,51033,51033,43.03084,1.0,1645.502225,2707677.570957,0.01,0.02,0.5,4.0,50.0,318156.0,3.5,155.645016,28370.548517,5995,11.7473,0,True,True,,,
LATITUDE,51033,51033,31.848043,32.1524,1.881397,3.539655,25.86612,28.43626,30.7953,32.88976,34.919624,36.73117,2.09446,-0.711236,1.010588,0,0.0,0,False,False,,,
LONGITUDE,51033,51033,-97.34696,-97.152095,2.17337,4.723539,-106.638155,-101.760476,-98.5482,-95.598903,-94.379217,-93.558267,2.949297,-0.678357,0.04537,0,0.0,0,False,False,,,
FIPS_CODE,50772,50772,48253.253368,48237.0,154.498055,23869.649144,48001.0,48025.0,48113.0,48401.0,48479.0,48507.0,288.0,-0.001824,-1.346806,0,0.0,0,False,False,,,
NPL,51033,51033,1.850293,1.0,1.180608,1.393836,1.0,1.0,1.0,2.0,5.0,5.0,1.0,1.373828,0.892637,0,0.0,0,False,False,,,
GAP_Sts,51031,51031,3.977661,4.0,0.211956,0.044925,1.0,4.0,4.0,4.0,4.0,4.0,0.0,-10.796109,125.82406,672,1.3168,0,True,True,,,
GAP_Prity,51031,51031,0.141679,0.0,1.004728,1.009478,0.0,0.0,0.0,0.0,0.0,9.0,0.0,7.099651,49.503483,1015,1.989,0,True,True,,,
EVH,51033,51033,109.608861,25.0,119.104642,14185.91565,11.0,17.0,25.0,228.0,304.0,308.0,203.0,0.840428,-1.123721,0,0.0,0,False,False,,,
EVT,51033,51033,7711.370466,7299.0,709.99402,504091.509092,7023.0,7296.0,7299.0,7977.0,9823.0,9994.0,678.0,1.926041,2.769219,0,0.0,0,False,False,,,
EVC,51033,51033,126.225678,25.0,141.730556,20087.550436,11.0,17.0,25.0,238.0,368.0,399.0,213.0,0.851553,-1.061569,0,0.0,0,False,False,,,
Land_Cover,51033,51033,43.286697,24.0,24.733147,611.728569,0.0,21.0,22.0,71.0,81.0,95.0,49.0,0.538976,-1.394401,0,0.0,0,False,False,,,
rpms,51033,51033,914.750985,0.0,1528.621237,2336682.886689,0.0,0.0,0.0,1561.0,4418.0,5568.0,1561.0,1.480095,0.853577,0,0.0,0,False,False,,,
rpms_1km,51033,51033,866.100598,801.732718,618.532292,382582.195766,0.0,13.999375,338.252802,1311.247308,1978.981793,3223.114231,972.994506,0.453468,-0.616728,0,0.0,0,False,False,,,
Population,51033,51033,-82.552536,0.0791,2901.578365,8419157.009908,-99999.0,0.0,0.0045,0.5316,8.97916,432.8599,0.5271,-34.407301,1181.916052,6521,12.778,0,True,True,,,
Popo_1km,51031,51031,1.473085,0.1268,3.783864,14.317627,0.0,0.0006,0.0256,0.68555,9.3715,57.661,0.65995,4.308354,24.554221,6857,13.4369,0,True,True,,,
GACC_PL,50848,50848,1.784652,2.0,0.938865,0.881467,1.0,1.0,1.0,2.0,3.0,5.0,1.0,1.292247,1.607316,0,0.0,0,False,False,,,
GACC_New fire,50848,50848,171.208976,37.0,265.584824,70535.29863,0.0,2.0,11.0,207.0,841.0,1144.0,196.0,1.88859,2.680069,2643,5.1978,0,False,False,,,
GACC_New LF,50848,50848,5.355924,2.0,10.022158,100.443654,0.0,0.0,0.0,5.0,21.0,79.0,5.0,3.897776,20.502679,2607,5.127,0,True,True,,,
GACC_Uncont LF,50848,50848,3.304181,2.0,4.658626,21.702799,0.0,0.0,1.0,4.0,13.0,37.0,3.0,2.818596,9.856123,2214,4.3542,0,True,True,,,
GACC_Type 1 IMTs,50848,50848,0.210726,0.0,0.624511,0.390015,0.0,0.0,0.0,0.0,1.0,8.0,0.0,4.452951,27.320652,7421,14.5945,0,True,True,,,
GACC_Type 2 IMTs,50848,50848,0.298143,0.0,0.9968,0.993611,0.0,0.0,0.0,0.0,2.0,13.0,0.0,5.458737,39.351882,7498,14.7459,0,True,True,,,
GACC_NIMO Teams,50848,50848,0.024524,0.0,0.15943,0.025418,0.0,0.0,0.0,0.0,0.0,2.0,0.0,6.693618,46.899342,1209,2.3777,0,True,True,,,
GACC_Area Command Teams,50848,50848,0.00116,0.0,0.034044,0.001159,0.0,0.0,0.0,0.0,0.0,1.0,0.0,29.306695,856.916048,59,0.116,0,True,True,,,
GACC_Fire Use Teams,0,0,,,,,,,,,,,,,,0,0.0,0,False,False,,,
GDP,51022,51022,49072.67258,49515.246,3052.267428,9316336.451966,15985.28,48723.184,49515.246,49515.246,49515.246,49515.246,0.0,-10.02687,100.25028,9201,18.0334,0,True,True,,,
pr_Normal,51033,51033,2.549016,2.48,1.076426,1.158693,0.09,0.83,1.76,3.33,4.37,8.8,1.57,0.234072,-0.346094,4,0.0078,0,False,False,,,
tmmn_Normal,51033,51033,286.327008,287.299988,8.230326,67.738259,266.200012,273.700012,278.600006,294.600006,296.399994,299.799988,16.0,-0.27038,-1.303204,0,0.0,0,False,False,,,
tmmx_Normal,51033,51033,299.413101,300.700012,7.863405,61.83314,281.5,286.899994,292.0,306.899994,309.200012,312.899994,14.899994,-0.286726,-1.353013,0,0.0,0,False,False,,,
rmin_Normal,48458,48458,38.027463,39.0,6.662827,44.393261,11.1,25.1,34.5,42.3,47.4,70.0,7.8,-0.6334,1.040867,5,0.0103,0,False,False,,,
rmax_Normal,48458,48458,87.899567,88.2,5.578116,31.115378,40.7,78.3,84.7,92.2,95.6,99.8,7.5,-1.002151,3.256331,121,0.2497,0,False,False,,,
sph_Normal,51033,51033,0.010003,0.0099,0.004364,1.9e-05,0.0025,0.0039,0.0057,0.0142,0.0162,0.0224,0.0085,0.036297,-1.41709,0,0.0,0,False,False,,,
srad_Normal,51033,51033,215.687261,222.0,69.087192,4773.040067,95.0,110.0,149.0,281.0,308.0,340.0,132.0,-0.16278,-1.391435,0,0.0,0,False,False,,,
fm100_Normal,51033,51033,14.836686,15.1,1.714166,2.938366,5.0,11.6,13.9,16.0,17.3,20.0,2.1,-0.700013,0.845567,77,0.1509,0,False,False,,,
fm1000_Normal,48458,48458,16.4662,16.7,1.887206,3.561546,5.6,13.2,15.3,17.7,19.3,22.0,2.4,-0.603651,0.895684,60,0.1238,0,False,False,,,
bi_Normal,51033,51033,27.051745,26.200001,7.143182,51.025055,8.9,17.799999,21.6,31.1,39.900002,89.300003,9.5,1.001412,2.049185,71,0.1391,0,False,False,,,
vpd_Normal,51033,51033,1.201585,1.12,0.542638,0.294456,0.34,0.51,0.71,1.63,2.15,3.53,0.92,0.423717,-0.935494,0,0.0,0,False,False,,,
erc_Normal,51033,51033,32.807003,31.6,7.766034,60.311288,14.3,22.5,27.4,37.0,46.900002,91.199997,9.6,1.054044,2.329848,150,0.2939,0,False,False,,,
DF_PFS,50994,50994,0.714384,0.75,0.191983,0.036857,0.0,0.31,0.64,0.85,0.95,0.99,0.21,-1.297508,1.743983,107,0.2098,0,False,False,,,
AF_PFS,50994,50994,0.349037,0.32,0.177077,0.031356,0.0,0.1,0.22,0.46,0.68,0.98,0.24,0.773872,0.461114,0,0.0,0,False,False,,,
HDF_PFS,50994,50994,0.682704,0.74,0.214343,0.045943,0.0,0.21,0.57,0.83,0.94,0.99,0.26,-1.11565,0.913469,0,0.0,0,False,False,,,
DSF_PFS,51016,51016,0.183179,0.13,0.178788,0.031965,0.0,0.03,0.06,0.21,0.64,0.96,0.15,2.045585,4.029352,2309,4.526,0,True,False,,,
EBF_PFS,50984,50984,0.658824,0.7,0.203776,0.041525,0.0,0.27,0.54,0.81,0.93,0.99,0.27,-0.753938,0.212163,0,0.0,0,False,False,,,
EALR_PFS,51031,51031,0.689596,0.73,0.240746,0.057959,0.0,0.13,0.57,0.87,0.97,0.99,0.3,-1.112105,0.948311,0,0.0,0,False,False,,,
EBLR_PFS,51030,51030,0.789634,0.83,0.161548,0.026098,0.21,0.43,0.71,0.92,0.97,0.99,0.21,-0.969522,0.195471,0,0.0,0,False,False,,,
EPLR_PFS,51016,51016,0.799722,0.83,0.163739,0.02681,0.03,0.39,0.76,0.92,0.96,0.99,0.16,-1.861085,3.882102,740,1.4505,0,False,False,,,
HBF_PFS,50968,50968,0.299907,0.26,0.222251,0.049395,0.0,0.03,0.13,0.42,0.76,0.99,0.29,0.950593,0.366568,0,0.0,0,False,False,,,
LLEF_PFS,48494,48494,0.532684,0.58,0.252978,0.063998,0.0,0.06,0.35,0.73,0.9,0.99,0.38,-0.366013,-0.791601,0,0.0,0,False,False,,,
LIF_PFS,50983,50983,0.506727,0.52,0.252997,0.064008,0.12,0.12,0.29,0.71,0.92,0.99,0.42,-0.011997,-1.060314,0,0.0,0,False,False,,,
LMI_PFS,50934,50934,0.522162,0.54,0.236812,0.05608,0.0,0.11,0.34,0.7,0.91,0.99,0.36,-0.159713,-0.810751,0,0.0,0,False,False,,,
MHVF_PFS,50757,50757,0.275141,0.23,0.186057,0.034617,0.0,0.03,0.13,0.4,0.64,0.99,0.27,0.776065,0.053074,0,0.0,0,False,False,,,
PM25F_PFS,51031,51031,0.557313,0.66,0.225547,0.050872,0.03,0.1,0.38,0.71,0.8,0.91,0.33,-0.87182,-0.536697,0,0.0,0,False,False,,,
HSEF,50997,50997,0.167671,0.14,0.101031,0.010207,0.0,0.06,0.11,0.2,0.38,0.74,0.09,1.889369,4.95548,1041,2.0413,0,False,False,,,
P100_PFS,50983,50983,0.537001,0.54,0.221987,0.049278,0.0,0.16,0.38,0.71,0.89,0.99,0.33,-0.146921,-0.720676,0,0.0,0,False,False,,,
P200_PFS,50983,50983,0.562184,0.57,0.20451,0.041824,0.0,0.22,0.42,0.71,0.9,0.99,0.29,-0.19646,-0.461976,0,0.0,0,False,False,,,
LPF_PFS,51031,51031,0.398458,0.38,0.181157,0.032818,0.01,0.11,0.27,0.51,0.72,0.99,0.24,0.325622,-0.164939,0,0.0,0,False,False,,,
NPL_PFS,51031,51031,0.211366,0.14,0.205991,0.042432,0.0,0.02,0.06,0.27,0.68,0.99,0.21,1.666677,2.438212,592,1.1601,0,False,False,,,
RMP_PFS,51031,51031,0.338808,0.28,0.261056,0.06815,0.0,0.04,0.11,0.51,0.85,0.99,0.4,0.706196,-0.555398,0,0.0,0,False,False,,,
TSDF_PFS,51031,51031,0.154679,0.1,0.154801,0.023963,0.0,0.01,0.04,0.23,0.48,0.93,0.19,1.624973,2.66289,144,0.2822,0,False,False,,,
TPF,51031,51031,4935.065254,4552.0,2678.751948,7175712.001425,0.0,1860.0,3154.0,6055.0,9280.0,51536.0,2901.0,2.733112,20.653214,349,0.6839,0,True,True,,,
TF_PFS,46738,46738,0.21153,0.16,0.191008,0.036484,0.0,0.02,0.08,0.28,0.63,0.99,0.2,1.663998,2.848492,485,1.0377,0,False,False,,,
UF_PFS,51008,51008,0.465047,0.48,0.282753,0.079949,0.0,0.02,0.22,0.71,0.91,0.99,0.49,-0.014948,-1.182387,0,0.0,0,False,False,,,
WF_PFS,45842,45842,0.386394,0.36,0.219981,0.048392,0.0,0.05,0.22,0.54,0.79,0.97,0.32,0.406855,-0.561339,0,0.0,0,False,False,,,
M_WTR,51031,51031,0.004233,0.0,0.064922,0.004215,0.0,0.0,0.0,0.0,0.0,1.0,0.0,15.273264,231.281658,216,0.4233,0,True,True,,,
M_WKFC,51031,51031,0.128569,0.0,0.334725,0.112041,0.0,0.0,0.0,0.0,1.0,1.0,0.0,2.219405,2.925872,6561,12.8569,0,True,False,,,
M_CLT,51031,51031,0.187611,0.0,0.390405,0.152416,0.0,0.0,0.0,0.0,1.0,1.0,0.0,1.600392,0.561276,9574,18.7611,0,False,False,,,
M_ENY,51031,51031,0.089926,0.0,0.286078,0.081841,0.0,0.0,0.0,0.0,1.0,1.0,0.0,2.866981,6.219826,4589,8.9926,0,True,False,,,
M_TRN,51031,51031,0.006427,0.0,0.079914,0.006386,0.0,0.0,0.0,0.0,0.0,1.0,0.0,12.353046,150.603659,328,0.6427,0,True,True,,,
M_HSG,51031,51031,0.018988,0.0,0.136485,0.018628,0.0,0.0,0.0,0.0,0.0,1.0,0.0,7.048819,47.687717,969,1.8988,0,True,True,,,
M_PLN,51031,51031,0.030707,0.0,0.172524,0.029764,0.0,0.0,0.0,0.0,0.0,1.0,0.0,5.440539,27.600551,1567,3.0707,0,True,True,,,
M_HLTH,51031,51031,0.186514,0.0,0.389525,0.15173,0.0,0.0,0.0,0.0,1.0,1.0,0.0,1.609645,0.590979,9518,18.6514,0,False,False,,,
SM_C,51031,51031,0.321628,0.0,0.467106,0.218188,0.0,0.0,0.0,1.0,1.0,1.0,1.0,0.763763,-1.416722,0,0.0,0,False,False,,,
SM_PFS,51031,51031,0.321628,0.0,0.467106,0.218188,0.0,0.0,0.0,1.0,1.0,1.0,1.0,0.763763,-1.416722,0,0.0,0,False,False,,,
EPLRLI,51031,51031,0.092434,0.0,0.28964,0.083892,0.0,0.0,0.0,0.0,1.0,1.0,0.0,2.814399,5.921075,4717,9.2434,0,True,False,,,
EALRLI,51031,51031,0.072485,0.0,0.259292,0.067233,0.0,0.0,0.0,0.0,1.0,1.0,0.0,3.297678,8.875028,3699,7.2485,0,True,True,,,
EBLRLI,51031,51031,0.08973,0.0,0.285797,0.08168,0.0,0.0,0.0,0.0,1.0,1.0,0.0,2.871173,6.243877,4579,8.973,0,True,False,,,
PM25LI,51031,51031,0.006153,0.0,0.078201,0.006115,0.0,0.0,0.0,0.0,0.0,1.0,0.0,12.630704,157.540852,314,0.6153,0,True,True,,,
EBLI,51031,51031,0.085164,0.0,0.279128,0.077913,0.0,0.0,0.0,0.0,1.0,1.0,0.0,2.972486,6.835941,4346,8.5164,0,True,False,,,
DPMLI,51031,51031,0.001528,0.0,0.039066,0.001526,0.0,0.0,0.0,0.0,0.0,1.0,0.0,25.520255,649.308855,78,0.1528,0,True,True,,,
TPLI,51031,51031,0.005408,0.0,0.073344,0.005379,0.0,0.0,0.0,0.0,0.0,1.0,0.0,13.487441,179.918111,276,0.5408,0,True,True,,,
LPMHVLI,51031,51031,0.004272,0.0,0.065221,0.004254,0.0,0.0,0.0,0.0,0.0,1.0,0.0,15.202139,229.114012,218,0.4272,0,True,True,,,
HBLI,51031,51031,0.015167,0.0,0.122219,0.014937,0.0,0.0,0.0,0.0,0.0,1.0,0.0,7.934143,60.953015,774,1.5167,0,True,True,,,
RMPLI,51031,51031,0.025004,0.0,0.15614,0.02438,0.0,0.0,0.0,0.0,0.0,1.0,0.0,6.084469,35.022141,1276,2.5004,0,True,True,,,
SFLI,51031,51031,0.007701,0.0,0.087419,0.007642,0.0,0.0,0.0,0.0,0.0,1.0,0.0,11.26344,124.869986,393,0.7701,0,True,True,,,
HWLI,51031,51031,2e-05,0.0,0.004427,2e-05,0.0,0.0,0.0,0.0,0.0,1.0,0.0,225.900421,51031.0,1,0.002,0,True,True,,,
WDLI,51031,51031,0.004233,0.0,0.064922,0.004215,0.0,0.0,0.0,0.0,0.0,1.0,0.0,15.273264,231.281658,216,0.4233,0,True,True,,,
DLI,51031,51031,0.121965,0.0,0.327249,0.107092,0.0,0.0,0.0,0.0,1.0,1.0,0.0,2.310474,3.33842,6224,12.1965,0,True,False,,,
ALI,51031,51031,0.0068,0.0,0.082181,0.006754,0.0,0.0,0.0,0.0,0.0,1.0,0.0,12.003279,142.084285,347,0.68,0,True,True,,,
HDLI,51031,51031,0.107229,0.0,0.309407,0.095733,0.0,0.0,0.0,0.0,1.0,1.0,0.0,2.538962,4.446502,5472,10.7229,0,True,False,,,
LLELI,51031,51031,0.043366,0.0,0.203681,0.041486,0.0,0.0,0.0,0.0,0.0,1.0,0.0,4.483989,18.106871,2213,4.3366,0,True,True,,,
LILHSE,51031,51031,0.064353,0.0,0.245383,0.060213,0.0,0.0,0.0,0.0,1.0,1.0,0.0,3.550887,10.609218,3284,6.4353,0,True,True,,,
PLHSE,51031,51031,0.039799,0.0,0.195489,0.038216,0.0,0.0,0.0,0.0,0.0,1.0,0.0,4.708375,20.169589,2031,3.9799,0,True,True,,,
LMILHSE,51031,51031,0.053027,0.0,0.224089,0.050216,0.0,0.0,0.0,0.0,1.0,1.0,0.0,3.98941,13.91594,2706,5.3027,0,True,True,,,
ULHSE,51031,51031,0.055848,0.0,0.229631,0.05273,0.0,0.0,0.0,0.0,1.0,1.0,0.0,3.868546,12.966154,2850,5.5848,0,True,True,,,
EPL_ET,51031,51031,0.321217,0.0,0.466948,0.218041,0.0,0.0,0.0,1.0,1.0,1.0,1.0,0.765783,-1.413632,0,0.0,0,False,False,,,
EAL_ET,51031,51031,0.205248,0.0,0.403887,0.163124,0.0,0.0,0.0,0.0,1.0,1.0,0.0,1.459636,0.130544,10474,20.5248,0,False,False,,,
EBL_ET,51031,51031,0.339852,0.0,0.473663,0.224357,0.0,0.0,0.0,1.0,1.0,1.0,1.0,0.676235,-1.542766,0,0.0,0,False,False,,,
EB_ET,51031,51031,0.119672,0.0,0.324581,0.105353,0.0,0.0,0.0,0.0,1.0,1.0,0.0,2.34359,3.492549,6107,11.9672,0,True,False,,,
PM25_ET,51031,51031,0.007603,0.0,0.086865,0.007546,0.0,0.0,0.0,0.0,0.0,1.0,0.0,11.337478,126.543373,388,0.7603,0,True,True,,,
DS_ET,51031,51031,0.00341,0.0,0.058294,0.003398,0.0,0.0,0.0,0.0,0.0,1.0,0.0,17.038254,288.313396,174,0.341,0,True,True,,,
TP_ET,51031,51031,0.00923,0.0,0.095628,0.009145,0.0,0.0,0.0,0.0,0.0,1.0,0.0,10.264579,103.365633,471,0.923,0,True,True,,,
LPP_ET,51031,51031,0.005546,0.0,0.074263,0.005515,0.0,0.0,0.0,0.0,0.0,1.0,0.0,13.316815,175.344429,283,0.5546,0,True,True,,,
HB_ET,51031,51031,0.018185,0.0,0.133621,0.017855,0.0,0.0,0.0,0.0,0.0,1.0,0.0,7.211926,50.013841,928,1.8185,0,True,True,,,
RMP_ET,51031,51031,0.033372,0.0,0.179607,0.032259,0.0,0.0,0.0,0.0,0.0,1.0,0.0,5.196294,25.002446,1703,3.3372,0,True,True,,,
NPL_ET,51031,51031,0.013854,0.0,0.116887,0.013663,0.0,0.0,0.0,0.0,0.0,1.0,0.0,8.318518,67.200383,707,1.3854,0,True,True,,,
TSDF_ET,51031,51031,0.000176,0.0,0.013279,0.000176,0.0,0.0,0.0,0.0,0.0,1.0,0.0,75.282431,5665.66651,9,0.0176,0,True,True,,,
WD_ET,51031,51031,0.010817,0.0,0.103442,0.0107,0.0,0.0,0.0,0.0,0.0,1.0,0.0,9.458523,87.467086,552,1.0817,0,True,True,,,
DB_ET,51031,51031,0.139876,0.0,0.346861,0.120313,0.0,0.0,0.0,0.0,1.0,1.0,0.0,2.076554,2.312168,7138,13.9876,0,True,False,,,
A_ET,51031,51031,0.00727,0.0,0.084955,0.007217,0.0,0.0,0.0,0.0,0.0,1.0,0.0,11.60022,132.570295,371,0.727,0,True,True,,,
HD_ET,51031,51031,0.144598,0.0,0.351699,0.123692,0.0,0.0,0.0,0.0,1.0,1.0,0.0,2.021135,2.08507,7379,14.4598,0,True,False,,,
LLE_ET,51031,51031,0.049597,0.0,0.217114,0.047138,0.0,0.0,0.0,0.0,0.0,1.0,0.0,4.149167,15.21618,2531,4.9597,0,True,True,,,
UN_ET,51031,51031,0.060003,0.0,0.237494,0.056404,0.0,0.0,0.0,0.0,1.0,1.0,0.0,3.705475,11.731004,3062,6.0003,0,True,True,,,
LISO_ET,51031,51031,0.064529,0.0,0.245696,0.060367,0.0,0.0,0.0,0.0,1.0,1.0,0.0,3.54493,10.566945,3293,6.4529,0,True,True,,,
POV_ET,51031,51031,0.044189,0.0,0.205516,0.042237,0.0,0.0,0.0,0.0,0.0,1.0,0.0,4.435938,17.678237,2255,4.4189,0,True,True,,,
LMI_ET,51031,51031,0.055574,0.0,0.2291,0.052487,0.0,0.0,0.0,0.0,1.0,1.0,0.0,3.879914,13.054247,2836,5.5574,0,True,True,,,
IA_LMI_ET,51031,51031,0.0,0.0,0.0,0.0,0.0,0.0,0.0,0.0,0.0,0.0,0.0,0.0,0.0,0,0.0,0,False,False,,,
IA_UN_ET,51031,51031,0.0,0.0,0.0,0.0,0.0,0.0,0.0,0.0,0.0,0.0,0.0,0.0,0.0,0,0.0,0,False,False,,,
IA_POV_ET,51031,51031,0.0,0.0,0.0,0.0,0.0,0.0,0.0,0.0,0.0,0.0,0.0,0.0,0.0,0,0.0,0,False,False,,,
TC,51031,51031,0.901687,0.0,1.720254,2.959274,0.0,0.0,0.0,1.0,5.0,12.0,1.0,2.366526,5.896955,2775,5.4379,0,True,False,,,
CC,51031,51031,0.652976,0.0,1.137926,1.294876,0.0,0.0,0.0,1.0,3.0,7.0,1.0,1.82519,2.674058,344,0.6741,0,False,False,,,
IAULHSE,51031,51031,0.0,0.0,0.0,0.0,0.0,0.0,0.0,0.0,0.0,0.0,0.0,0.0,0.0,0,0.0,0,False,False,,,
IAPLHSE,51031,51031,0.0,0.0,0.0,0.0,0.0,0.0,0.0,0.0,0.0,0.0,0.0,0.0,0.0,0,0.0,0,False,False,,,
IALMILHSE,51031,51031,0.0,0.0,0.0,0.0,0.0,0.0,0.0,0.0,0.0,0.0,0.0,0.0,0.0,0,0.0,0,False,False,,,
IALMIL_87,0,0,,,,,,,,,,,,,,0,0.0,0,False,False,,,
IAPLHS_88,0,0,,,,,,,,,,,,,,0,0.0,0,False,False,,,
IAULHS_89,0,0,,,,,,,,,,,,,,0,0.0,0,False,False,,,
LHE,51031,51031,0.777802,1.0,0.415728,0.17283,0.0,0.0,1.0,1.0,1.0,1.0,0.0,-1.336512,-0.213744,11339,22.2198,0,False,False,,,
IALHE,51031,51031,0.0,0.0,0.0,0.0,0.0,0.0,0.0,0.0,0.0,0.0,0.0,0.0,0.0,0,0.0,0,False,False,,,
IAHSEF,0,0,,,,,,,,,,,,,,0,0.0,0,False,False,,,
CA,51008,51008,0.046668,0.04,0.048946,0.002396,0.0,0.01,0.02,0.06,0.1,1.0,0.04,7.896747,100.285947,665,1.3037,0,True,True,,,
NCA,51008,51008,0.943398,0.95,0.048952,0.002396,0.0,0.89,0.93,0.97,0.98,1.0,0.04,-7.835349,98.771511,685,1.3429,0,True,True,,,
CA_LT20,51031,51031,0.989634,1.0,0.101287,0.010259,0.0,1.0,1.0,1.0,1.0,1.0,0.0,-9.668655,91.486475,529,1.0366,0,True,True,,,
M_CLT_EOMI,51031,51031,0.587623,1.0,0.492267,0.242327,0.0,0.0,0.0,1.0,1.0,1.0,1.0,-0.356013,-1.873328,0,0.0,0,False,False,,,
M_ENY_EOMI,51031,51031,0.125884,0.0,0.331722,0.11004,0.0,0.0,0.0,0.0,1.0,1.0,0.0,2.255685,3.088238,6424,12.5884,0,True,False,,,
M_TRN_EOMI,51031,51031,0.01115,0.0,0.105005,0.011026,0.0,0.0,0.0,0.0,0.0,1.0,0.0,9.311379,84.705106,569,1.115,0,True,True,,,
M_HSG_EOMI,51031,51031,0.02328,0.0,0.150793,0.022738,0.0,0.0,0.0,0.0,0.0,1.0,0.0,6.323098,37.983061,1188,2.328,0,True,True,,,
M_PLN_EOMI,51031,51031,0.0446,0.0,0.206427,0.042612,0.0,0.0,0.0,0.0,0.0,1.0,0.0,4.412389,17.469865,2276,4.46,0,True,True,,,
M_WTR_EOMI,51031,51031,0.010817,0.0,0.103442,0.0107,0.0,0.0,0.0,0.0,0.0,1.0,0.0,9.458523,87.467086,552,1.0817,0,True,True,,,
M_HLTH_102,51031,51031,0.236621,0.0,0.425012,0.180635,0.0,0.0,0.0,0.0,1.0,1.0,0.0,1.239446,-0.463793,12075,23.6621,0,False,False,,,
M_WKFC_103,51031,51031,0.137367,0.0,0.344238,0.1185,0.0,0.0,0.0,0.0,1.0,1.0,0.0,2.106952,2.439342,7010,13.7367,0,True,False,,,
FPL200S,51031,51031,0.365053,0.0,0.48145,0.231794,0.0,0.0,0.0,1.0,1.0,1.0,1.0,0.56061,-1.685783,0,0.0,0,False,False,,,
M_WKFC_105,51031,51031,0.777802,1.0,0.415728,0.17283,0.0,0.0,1.0,1.0,1.0,1.0,0.0,-1.336512,-0.213744,11339,22.2198,0,False,False,,,
M_EBSI,51031,51031,0.357724,0.0,0.479335,0.229762,0.0,0.0,0.0,1.0,1.0,1.0,1.0,0.593664,-1.647628,0,0.0,0,False,False,,,
THRHLD,51031,51031,21.0,21.0,0.0,0.0,21.0,21.0,21.0,21.0,21.0,21.0,0.0,0.0,0.0,0,0.0,0,False,False,,,
No_FireStation_1.0km,4832,4832,1.035389,1.0,0.198811,0.039526,1.0,1.0,1.0,1.0,1.0,3.0,0.0,6.02193,39.344941,158,3.2699,0,True,True,,,
No_FireStation_5.0km,32001,32001,2.384769,1.0,2.546844,6.486417,1.0,1.0,1.0,2.0,8.0,17.0,1.0,2.4271,5.903663,3506,10.9559,0,True,False,,,
No_FireStation_10.0km,48893,48893,8.608308,5.0,11.774525,138.639444,1.0,1.0,3.0,9.0,39.4,70.0,6.0,3.019104,9.189988,3071,6.2811,0,True,True,,,
No_FireStation_20.0km,50935,50935,34.283126,25.0,40.165622,1613.277222,1.0,4.0,14.0,37.0,142.0,251.0,23.0,3.021278,9.366289,3363,6.6025,0,True,True,,,
FRG,51033,51033,2.26526,2.0,45.527822,2072.782532,-9999.0,1.0,1.0,2.0,2.0,133.0,1.0,-207.586803,45634.793934,376,0.7368,0,True,True,,,
TRI_1km,51033,51033,2.668422,2.361,1.76814,3.126318,0.0,0.683,1.633,3.35,5.394,55.312,1.717,5.096887,78.721979,427,0.8367,0,True,True,,,
TRI,51033,51033,2.527341,2.0,2.267577,5.141904,0.0,0.0,1.414,3.162,6.083,54.69,1.748,4.640532,55.700182,952,1.8655,0,True,True,,,
Aspect_1km,51033,51033,28.831811,17.47432,31.438106,988.354517,-0.813491,-0.7927,2.495621,47.254821,93.215519,192.64965,44.7592,1.138066,0.574663,2,0.0039,0,False,False,,,
Elevation_1km,51033,51033,220.424121,126.793939,229.261764,52560.956577,-0.766988,23.480812,84.620746,254.137282,809.125467,1865.920513,169.516536,1.952153,3.432472,3289,6.4448,0,False,False,,,
Elevation,51033,51033,277.100837,160.0,287.01753,82379.06261,0.0,30.0,108.0,319.0,1013.4,2471.0,211.0,1.960349,3.512945,3349,6.5624,0,False,False,,,
Slope_1km,51033,51033,1.138868,1.057851,1.147882,1.317632,-0.813018,-0.52634,0.472261,1.69021,2.885537,27.343195,1.217949,2.830454,32.25451,286,0.5604,0,True,True,,,
Aspect,51033,51033,31.48984,-1.0,81.376755,6622.176222,-1.0,-1.0,-1.0,-1.0,259.0,359.0,0.0,2.527803,5.184399,9229,18.0844,0,True,False,,,
Slope,51033,51033,1.554817,1.0,1.662932,2.765341,0.0,0.0,1.0,2.0,4.0,36.0,1.0,4.164603,43.794974,1156,2.2652,0,True,True,,,
GHM,51033,51033,-1.6002932062243439e+35,0.4,7.377710345739825e+36,5.443060994563644e+73,-3.402823466385289e+38,0.13,0.3,0.54,0.83,1.0,0.24,-46.081453,2121.583446,24,0.047,0,True,True,,,
TPI,51033,51033,0.035021,0.0,0.469904,0.22081,-7.125,-0.625,-0.25,0.25,0.75,7.0,0.5,0.432642,12.864094,343,0.6721,0,False,True,,,
TPI_1km,51033,51033,0.00046,0.0,0.007379,5.4e-05,-0.16,-0.01,0.0,0.0,0.01,0.27,0.0,1.453519,64.23608,16233,31.8088,0,False,True,,,
TRACT,51018,51018,568121.898761,950100.0,447558.513497,200308623003.7405,100.0,600.0,20300.0,950400.0,961400.0,980100.0,930100.0,-0.347334,-1.834565,0,0.0,0,False,False,,,
RPL_THEMES,51018,51018,-0.167118,0.6105,27.627902,763.300973,-999.0,0.1979,0.4467,0.7693,0.9404,0.9997,0.3226,-36.124444,1303.111941,39,0.0764,0,True,True,,,
RPL_THEME1,51018,51018,-0.201882,0.5778,27.626858,763.243303,-999.0,0.1638,0.4267,0.7109,0.903,0.9998,0.2842,-36.124766,1303.127475,39,0.0764,0,True,True,,,
EPL_POV,51018,51018,-0.085345,0.5524,25.026421,626.321745,-999.0,0.1563,0.3923,0.7009,0.9058,0.9998,0.3086,-39.887863,1589.225775,32,0.0627,0,True,True,,,
EPL_UNEMP,51018,51018,0.02256,0.3946,19.786064,391.488328,-999.0,0.0251,0.1731,0.6404,0.8775,0.9996,0.4673,-50.463759,2545.17746,20,0.0392,0,True,True,,,
EPL_PCI,48325,48325,0.097323,0.5837,21.802875,475.365362,-999.0,0.2245,0.418,0.7218,0.9325,0.9997,0.3038,-45.799935,2095.915516,23,0.0476,0,True,True,,,
EPL_NOHSDP,51018,51018,0.266819,0.681,19.7901,391.648061,-999.0,0.2414,0.5427,0.8039,0.9618,0.9999,0.2612,-50.469897,2545.59033,20,0.0392,0,True,True,,,
RPL_THEME2,51018,51018,0.048343,0.6931,24.635488,606.907256,-999.0,0.1976,0.5051,0.844,0.9665,0.9999,0.3389,-40.526546,1640.611468,31,0.0608,0,True,True,,,
EPL_AGE65,51018,51018,0.243921,0.67,19.289151,372.071361,-999.0,0.0968,0.4265,0.8508,0.95109,0.9993,0.4243,-51.776269,2679.398545,19,0.0372,0,True,True,,,
EPL_AGE17,51018,51018,0.196368,0.5884,19.288168,372.033421,-999.0,0.121755,0.3677,0.7875,0.9559,0.9993,0.4198,-51.776796,2679.435002,19,0.0372,0,True,True,,,
EPL_DISABL,51018,51018,0.195587,0.72,21.678334,469.950144,-999.0,0.1991,0.5136,0.8552,0.9513,0.9997,0.3416,-46.066693,2120.468488,24,0.047,0,True,True,,,
EPL_SNGPNT,51018,51018,0.07178,0.4154,19.285706,371.938459,-999.0,0.0694,0.2292,0.6408,0.8939,0.9996,0.4116,-51.777253,2679.466623,19,0.0372,0,True,True,,,
RPL_THEME3,51018,51018,0.023274,0.5351,22.56,508.953618,-999.0,0.148,0.3537,0.7058,0.9378,0.9999,0.3521,-44.257286,1956.997332,26,0.051,0,True,True,,,
EPL_MINRTY,51018,51018,0.122847,0.4704,19.286217,371.958171,-999.0,0.178,0.3251,0.6376,0.9108,0.9968,0.3125,-51.781079,2679.730741,19,0.0372,0,True,True,,,
EPL_LIMENG,51018,51018,0.179977,0.576,19.287771,372.018127,-999.0,0.0,0.3854,0.7479,0.9357,0.9998,0.3625,-51.777442,2679.479549,19,0.0372,0,True,True,,,
RPL_THEME4,51018,51018,-0.219502,0.5476,27.626599,763.228978,-999.0,0.151365,0.3481,0.742,0.9221,0.9996,0.3939,-36.12387,1303.084335,39,0.0764,0,True,True,,,
EPL_MUNIT,51018,51018,-0.124813,0.2472,19.281686,371.78341,-999.0,0.0,0.0,0.37415,0.7195,0.9993,0.37415,-51.779068,2679.591966,19,0.0372,0,True,True,,,
EPL_MOBILE,51018,51018,0.199051,0.9013,25.033516,626.676901,-999.0,0.4228,0.8035,0.9411,0.9789,1.0,0.1376,-39.888011,1589.233536,2526,4.9512,0,True,True,,,
EPL_CROWD,51018,51018,0.241209,0.6533,19.288712,372.054409,-999.0,0.1964,0.4578,0.8074,0.9309,0.9997,0.3496,-51.779388,2679.613865,19,0.0372,0,True,True,,,
EPL_NOVEH,51018,51018,-0.258696,0.3545,25.022089,626.104949,-999.0,0.0435,0.1931,0.5247,0.7607,0.9715,0.3316,-39.887809,1589.222877,32,0.0627,0,True,True,,,
EPL_GROUPQ,51018,51018,0.018203,0.3889,19.286723,371.977671,-999.0,0.0,0.0,0.7556,0.9678,0.9976,0.7556,-51.760725,2678.325857,19,0.0372,0,True,True,,,
road_county_dis,959,959,12.328571,11.7,6.36063,40.457617,0.5,2.6,8.05,15.1,25.21,30.1,7.05,0.61815,0.063582,0,0.0,0,False,False,,,
road_interstate_dis,39,39,19.261538,20.2,5.186603,26.90085,10.0,11.0,15.5,22.45,26.34,30.0,6.95,-0.225074,-0.711341,0,0.0,0,False,False,,,
road_common_name_dis,33833,33833,17.624183,17.2,8.975102,80.552455,0.1,4.5,12.3,22.4,29.4,247.5,10.1,2.762437,41.399743,441,1.3035,0,True,True,,,
road_other_dis,261,261,19.61341,19.8,8.158715,66.564627,0.3,3.8,15.1,26.3,30.5,38.8,11.2,-0.471274,-0.441088,0,0.0,0,False,False,,,
road_state_dis,763,763,17.164351,17.5,5.974437,35.693898,0.1,6.01,15.05,20.15,25.39,63.2,5.1,0.73332,8.902805,2,0.2621,0,False,True,,,
road_US_dis,111,111,15.501802,15.7,6.059493,36.717451,1.7,4.6,12.25,19.5,24.7,28.8,7.25,-0.183508,-0.312498,0,0.0,0,False,False,,,
Ecoregion_US_L3CODE,51023,51023,31.235227,32.0,3.194978,10.207887,23.0,25.0,29.0,34.0,35.0,35.0,5.0,-0.483355,-0.922808,0,0.0,0,False,False,,,
Ecoregion_NA_L2CODE,51023,51023,9.020767,9.4,0.55184,0.304528,8.3,8.3,8.3,9.4,9.5,13.1,1.1,-0.416433,-1.118784,8,0.0157,0,False,False,,,
Ecoregion_NA_L1CODE,51023,51023,8.645238,9.0,0.497287,0.247295,8.0,8.0,8.0,9.0,9.0,13.0,1.0,-0.305106,-0.465952,8,0.0157,0,False,False,,,
SDI,51033,51033,-6.667888359268098e+31,0.05,1.5063083011174964e+34,2.2689646980154785e+68,-3.4028234663852885e+36,0.0,0.0,0.07,0.1,2.04,0.07,-225.904847,51033.0,213,0.4174,0,True,True,,,
Annual_etr,51033,51033,2223.18198,2199.0,256.357586,65719.211651,1516.0,1846.0,2016.0,2411.0,2672.0,3166.0,395.0,0.312638,-0.573174,0,0.0,0,False,False,,,
Annual_precipitation,51033,51033,1074.020203,1046.0,414.295416,171640.691569,136.0,471.0,741.0,1333.0,1828.0,2815.0,592.0,0.403362,-0.451012,0,0.0,0,False,False,,,
Annual_tempreture,51033,51033,292.169283,292.0,1.961809,3.848694,286.0,288.0,291.0,293.0,296.0,299.0,2.0,0.096214,1.281504,0,0.0,0,False,False,,,
Aridity_index,51033,51033,0.507282,0.47,0.2407,0.057936,0.05,0.18,0.31,0.66,0.96,1.54,0.35,0.553549,-0.396783,0,0.0,0,False,False,,,
Evacuation,767,767,2.687093,2.0,1.330944,1.771413,2.0,2.0,2.0,4.0,6.7,7.0,2.0,2.019291,3.386862,0,0.0,0,True,False,,,
pr,51033,51033,1.280272,0.0,6.103159,37.248547,0.0,0.0,0.0,0.0,7.3,275.300018,0.0,10.802271,230.853418,7261,14.228,0,True,True,,,
tmmn,51033,51033,286.531313,288.200012,9.207963,84.786574,251.699997,271.299988,278.600006,295.100006,297.899994,302.200012,16.5,-0.419648,-1.019944,0,0.0,0,False,False,,,
tmmx,51033,51033,301.187477,302.700012,8.168745,66.728394,263.200012,286.399994,295.600006,308.0,311.299988,317.5,12.399994,-0.734159,0.018177,0,0.0,0,False,False,,,
rmin,51033,51033,31.086231,30.300001,13.447109,180.824735,1.0,10.400001,21.800001,39.400002,53.100002,100.0,17.6,0.618164,1.427437,99,0.194,0,False,False,,,
rmax,51033,51033,82.181719,84.700005,15.496952,240.155513,21.200001,52.600002,72.300003,95.800003,100.0,100.0,23.5,-0.789355,0.09147,0,0.0,0,False,False,,,
sph,51033,51033,0.009538,0.00942,0.005011,2.5e-05,0.00062,0.00249,0.00481,0.01399,0.01736,0.02398,0.00918,0.115434,-1.261551,0,0.0,0,False,False,,,
vs,51033,51033,4.37165,4.1,1.522911,2.319259,0.6,2.3,3.3,5.3,7.2,13.2,2.0,0.688555,0.355467,15,0.0294,0,False,False,,,
th,51033,51033,146.557169,151.0,78.267288,6125.76837,0.0,24.0,86.0,195.0,289.0,360.0,109.0,0.25052,-0.374247,0,0.0,0,False,False,,,
srad,51033,51033,233.199763,234.400009,76.792165,5897.036604,0.0,119.5,167.100006,303.0,343.0,388.0,135.899994,-0.165927,-1.078522,0,0.0,0,False,False,,,
etr,51033,51033,7.484512,7.4,3.013038,9.078398,0.1,2.8,5.2,9.6,12.6,18.8,4.4,0.285114,-0.229188,0,0.0,0,False,False,,,
fm100,51033,51033,13.259036,13.3,3.236898,10.47751,2.9,7.96,11.0,15.5,18.4,26.5,4.5,-0.025895,-0.178629,0,0.0,0,False,False,,,
fm1000,51033,51033,15.507777,15.7,2.931688,8.594795,4.4,10.6,13.5,17.5,20.1,28.5,4.0,-0.108076,-0.07374,0,0.0,0,False,False,,,
bi,51033,51033,35.917661,37.0,18.483973,341.657274,0.0,0.0,29.0,46.0,63.0,139.0,17.0,-0.184937,0.792156,125,0.2449,0,False,False,,,
vpd,51033,51033,1.43988,1.33,0.734023,0.53879,0.0,0.42,0.89,1.91,2.77,5.06,1.02,0.650088,0.319529,1,0.002,0,False,False,,,
erc,51033,51033,39.192111,38.0,13.244921,175.427938,0.0,19.0,30.0,47.0,63.0,103.0,17.0,0.53605,0.545956,4,0.0078,0,False,False,,,
pr_5D_mean,51033,51033,1.57467,0.06,3.826598,14.642851,0.0,0.0,0.0,1.5,7.92,213.72,1.5,9.093269,253.964872,3959,7.7577,0,True,True,,,
tmmn_5D_mean,51033,51033,286.612843,287.74,8.790371,77.270615,257.66,272.0,278.97998,295.02002,297.53998,302.13998,16.04004,-0.362591,-1.103582,0,0.0,0,False,False,,,
tmmx_5D_mean,51033,51033,300.636945,301.88,7.947363,63.160573,272.3,286.74,294.34,307.62,310.82,316.58,13.28,-0.480099,-0.698621,0,0.0,0,False,False,,,
rmin_5D_mean,51033,51033,33.581191,33.4,11.275042,127.126564,1.0,14.8,26.0,41.1,52.2,92.9,15.1,0.102106,0.089034,7,0.0137,0,False,False,,,
rmax_5D_mean,51033,51033,83.281083,85.1,11.582034,134.14352,22.4,61.5,76.4,92.2,98.5,100.0,15.8,-0.902272,0.830029,9,0.0176,0,False,False,,,
sph_5D_mean,51033,51033,0.009728,0.009386,0.004712,2.2e-05,0.00129,0.002976,0.005482,0.013868,0.017226,0.024344,0.008386,0.146788,-1.222653,0,0.0,0,False,False,,,
vs_5D_mean,51033,51033,4.368218,4.3,0.991559,0.98319,0.9,2.86,3.68,5.0,6.12,8.68,1.32,0.385184,0.090489,0,0.0,0,False,False,,,
th_5D_mean,51033,51033,145.379758,149.4,54.339511,2952.782499,2.8,51.2,107.2,181.0,234.6,317.8,73.8,-0.051898,-0.376292,0,0.0,0,False,False,,,
srad_5D_mean,51033,51033,228.434609,230.2,74.939964,5615.998252,42.260002,113.67201,160.84,297.64,336.48,388.08002,136.8,-0.105429,-1.256206,0,0.0,0,False,False,,,
etr_5D_mean,51033,51033,7.168048,6.96,2.76979,7.671738,0.52,3.04,4.98,9.24,11.86,17.86,4.26,0.308547,-0.561683,0,0.0,0,False,False,,,
fm100_5D_mean,51033,51033,13.449503,13.6,3.062562,9.379287,3.1,8.3,11.4,15.6,18.2,25.8,4.2,-0.15969,-0.209767,0,0.0,0,False,False,,,
fm1000_5D_mean,51033,51033,15.540683,15.7,2.920036,8.526612,4.4,10.6,13.5,17.5,20.1,28.4,4.0,-0.119405,-0.090966,0,0.0,0,False,False,,,
bi_5D_mean,51033,51033,34.723826,33.6,13.641944,186.102629,0.0,14.8,25.6,42.4,58.6,111.2,16.8,0.696048,1.382778,71,0.1391,0,False,False,,,
vpd_5D_mean,51033,51033,1.37302,1.23,0.680111,0.462551,0.0,0.49,0.84,1.83,2.62,4.65,0.99,0.735107,0.111944,0,0.0,0,False,False,,,
erc_5D_mean,51033,51033,38.416119,36.6,12.642254,159.826596,0.6,20.8,29.4,46.2,61.2,103.4,16.8,0.671242,0.580443,2,0.0039,0,False,False,,,
pr_5D_min,51033,51033,0.006541,0.0,0.150547,0.022665,0.0,0.0,0.0,0.0,0.0,15.3,0.0,48.212521,3407.757978,254,0.4977,0,True,True,,,
pr_5D_max,51033,51033,6.370427,0.3,14.846972,220.432583,0.0,0.0,0.0,6.3,31.8,518.3,6.3,7.132044,115.382937,3854,7.552,0,True,True,,,
tmmn_5D_max,51033,51033,289.872437,291.8,7.558919,57.137262,263.6,275.6,284.3,296.5,298.6,302.9,12.2,-0.682638,-0.593357,0,0.0,0,False,False,,,
tmmx_5D_max,51033,51033,303.97639,305.1,6.310521,39.822669,272.3,292.9,299.2,309.2,312.3,317.5,10.0,-0.542075,-0.270857,0,0.0,0,False,False,,,
rmin_5D_min,51033,51033,24.307642,23.6,10.989314,120.765027,1.0,6.7,16.5,31.6,43.6,84.3,15.1,0.283654,-0.1727,1,0.002,0,False,False,,,
rmax_5D_min,51033,51033,71.931367,73.5,15.708847,246.767873,13.8,43.0,61.8,83.8,95.1,100.0,22.0,-0.458049,-0.256947,0,0.0,0,False,False,,,
sph_5D_min,51033,51033,0.007983,0.00695,0.004999,2.5e-05,0.00061,0.00186,0.00335,0.0124,0.01638,0.02398,0.00905,0.367674,-1.228561,0,0.0,0,False,False,,,
vs_5D_max,51033,51033,5.820477,5.7,1.45925,2.129412,0.9,3.6,4.7,6.8,8.4,13.7,2.1,0.318319,-0.124963,4,0.0078,0,False,False,,,
th_5D_max,51033,51033,212.028903,203.0,76.71714,5885.519524,3.0,85.0,161.0,273.0,339.0,360.0,112.0,-0.01278,-0.651521,0,0.0,0,False,False,,,
srad_5D_max,51033,51033,249.491532,256.2,74.294777,5519.713851,46.9,133.8,180.5,317.1,350.7,396.1,136.6,-0.192008,-1.319952,0,0.0,0,False,False,,,
etr_5D_max,51033,51033,8.867889,8.7,2.929276,8.580656,0.6,4.4,6.7,10.9,14.0,20.2,4.2,0.337195,-0.162994,0,0.0,0,False,False,,,
fm100_5D_min,51033,51033,12.077567,12.1,2.948196,8.691862,2.7,7.3,10.0,14.2,16.8,22.6,4.2,-0.068898,-0.281875,0,0.0,0,False,False,,,
fm1000_5D_min,51033,51033,15.135583,15.3,2.878282,8.28451,4.2,10.3,13.1,17.1,19.6,27.1,4.0,-0.144059,-0.122403,0,0.0,0,False,False,,,
bi_5D_max,51033,51033,46.304979,44.0,13.904325,193.33025,0.0,28.0,37.0,53.0,71.0,139.0,16.0,1.085807,2.878742,243,0.4762,0,False,False,,,
vpd_5D_max,51033,51033,1.753128,1.62,0.72832,0.53045,0.0,0.79,1.2,2.22,3.09,5.47,1.02,0.744127,0.362446,1,0.002,0,False,False,,,
erc_5D_max,51033,51033,43.233065,41.0,12.656168,160.178592,1.0,26.0,34.0,51.0,66.0,106.0,17.0,0.699566,0.635689,2,0.0039,0,False,False,,,
NDVI-1day,50086,50086,0.387241,0.4,0.205555,0.042253,-0.13,0.02,0.24,0.54,0.71,1.26,0.3,-0.155083,-0.739761,0,0.0,0,False,False,,,
CheatGrass,34191,34191,29.775789,0.0,81.752298,6683.438292,0.0,0.0,0.0,0.0,255.0,255.0,0.0,2.391856,3.722011,4742,13.8691,0,True,False,,,
ExoticAnnualGrass,34191,34191,29.845983,0.0,81.731896,6680.102748,0.0,0.0,0.0,0.0,255.0,255.0,0.0,2.391295,3.720415,4893,14.3108,0,True,False,,,
Medusahead,34191,34191,29.709397,0.0,81.773029,6686.828271,0.0,0.0,0.0,0.0,255.0,255.0,0.0,2.392232,3.723066,4541,13.2813,0,True,False,,,
PoaSecunda,34191,34191,29.701266,0.0,81.775843,6687.288468,0.0,0.0,0.0,0.0,255.0,255.0,0.0,2.392248,3.723108,4467,13.0648,0,True,False,,,
geometry,0,0,,,,,,,,,,,,,,0,0.0,0,False,False,,,
source_year,51033,51033,2016.56342,2017.0,1.806419,3.263148,2014.0,2014.0,2015.0,2018.0,2020.0,2020.0,3.0,0.162051,-1.058515,0,0.0,0,False,False,,,
